{"prefill": {}, "decode": {"0": {"token_load_list": [0.0, 0.0, 0.0, 0.0, 0.0, 0.0, 0.0, 0.0], "batch_load_list": [0.0, 0.0, 0.0, 0.0, 0.0, 0.0, 0.0, 0.0], "decision": 1, "details": {"est_rate": 0.0, "now_load": 0.0, "est_token": 0.0}}, "1": {"token_load_list": [-1, -1, -1, -1, -1, -1, -1, 0.0], "batch_load_list": [-1, -1, -1, -1, -1, -1, -1, 0.0], "decision": 1, "details": {"est_rate": 0.0, "now_load": 0.0, "est_token": 0.0}}, "2": {"token_load_list": [-1, -1, -1, -1, -1, -1, -1, 1673.0], "batch_load_list": [-1, -1, -1, -1, -1, -1, -1, 1.0], "decision": 1, "details": {"est_rate": 0.0078421875, "now_load": 0.005228125, "est_token": 2509.5}}, "3": {"token_load_list": [-1, -1, -1, -1, -1, -1, -1, 897.0], "batch_load_list": [-1, -1, -1, -1, -1, -1, -1, 1.0], "decision": 1, "details": {"est_rate": 0.00398890625, "now_load": 0.002803125, "est_token": 1276.45}}, "4": {"token_load_list": [-1, -1, -1, -1, -1, -1, -1, 16571.0], "batch_load_list": [-1, -1, -1, -1, -1, -1, -1, 33.0], "decision": 1, "details": {"est_rate": 0.07686789062499999, "now_load": 0.051784375, "est_token": 24597.725}}, "5": {"token_load_list": [-1, -1, -1, -1, -1, -1, -1, 55885.0], "batch_load_list": [-1, -1, -1, -1, -1, -1, -1, 164.0], "decision": 1, "details": {"est_rate": 0.24861050781250002, "now_load": 0.174640625, "est_token": 79555.3625}}, "6": {"token_load_list": [-1, -1, -1, -1, -1, -1, -1, 107352.0], "batch_load_list": [-1, -1, -1, -1, -1, -1, -1, 261.0], "decision": 1, "details": {"est_rate": 0.45287712890625, "now_load": 0.335475, "est_token": 144920.68125}}, "7": {"token_load_list": [-1, -1, -1, -1, -1, -1, -1, 138504.0], "batch_load_list": [-1, -1, -1, -1, -1, -1, -1, 360.0], "decision": 1, "details": {"est_rate": 0.540201064453125, "now_load": 0.432825, "est_token": 172864.340625}}, "8": {"token_load_list": [-1, -1, -1, -1, -1, -1, -1, 171926.0], "batch_load_list": [-1, -1, -1, -1, -1, -1, -1, 456.0], "decision": 1, "details": {"est_rate": 0.6431786572265625, "now_load": 0.53726875, "est_token": 205817.1703125}}, "9": {"token_load_list": [-1, -1, -1, -1, -1, -1, -1, 203688.0], "batch_load_list": [-1, -1, -1, -1, -1, -1, -1, 545.0], "decision": 1, "details": {"est_rate": 0.7391080786132812, "now_load": 0.636525, "est_token": 236514.58515625}}, "10": {"token_load_list": [-1, -1, -1, -1, -1, -1, -1, 238937.0], "batch_load_list": [-1, -1, -1, -1, -1, -1, -1, 622.0], "decision": 2, "details": {"est_rate": 0.8530462268066407, "now_load": 0.746678125, "est_token": 272974.792578125}}, "11": {"token_load_list": [23058.0, -1, -1, -1, -1, -1, -1, 246955.0], "batch_load_list": [41.0, -1, -1, -1, -1, -1, -1, 591.0], "decision": 2, "details": {"est_rate": 0.9455309259033203, "now_load": 0.843790625, "est_token": 302569.8962890625}}, "12": {"token_load_list": [48582.0, -1, -1, -1, -1, -1, -1, 239354.0], "batch_load_list": [107.0, -1, -1, -1, -1, -1, -1, 569.0], "decision": 2, "details": {"est_rate": 0.9786748379516601, "now_load": 0.8998, "est_token": 313175.9481445312}}, "13": {"token_load_list": [94942.0, -1, -1, -1, -1, -1, -1, 226357.0], "batch_load_list": [201.0, -1, -1, -1, -1, -1, -1, 543.0], "decision": 2, "details": {"est_rate": 1.09562648147583, "now_load": 1.004059375, "est_token": 350600.4740722656}}, "14": {"token_load_list": [119737.0, -1, -1, -1, -1, -1, -1, 219769.0], "batch_load_list": [270.0, -1, -1, -1, -1, -1, -1, 520.0], "decision": 2, "details": {"est_rate": 1.135188240737915, "now_load": 1.06095625, "est_token": 363260.23703613284}}, "15": {"token_load_list": [143739.0, -1, -1, -1, -1, -1, -1, 209810.0], "batch_load_list": [351.0, -1, -1, -1, -1, -1, -1, 490.0], "decision": 2, "details": {"est_rate": 1.1638988078689576, "now_load": 1.104840625, "est_token": 372447.6185180664}}, "16": {"token_load_list": [168182.0, -1, -1, -1, -1, -1, -1, 205670.0], "batch_load_list": [421.0, -1, -1, -1, -1, -1, -1, 467.0], "decision": 2, "details": {"est_rate": 1.2295400289344787, "now_load": 1.1682875, "est_token": 393452.8092590332}}, "17": {"token_load_list": [198434.0, -1, -1, -1, -1, -1, -1, 200767.0], "batch_load_list": [489.0, -1, -1, -1, -1, -1, -1, 436.0], "decision": 2, "details": {"est_rate": 1.3177372019672393, "now_load": 1.247503125, "est_token": 421675.9046295166}}, "18": {"token_load_list": [211033.0, -1, -1, -1, -1, -1, -1, 213777.0], "batch_load_list": [517.0, -1, -1, -1, -1, -1, -1, 460.0], "decision": 2, "details": {"est_rate": 1.4026623509836198, "now_load": 1.32753125, "est_token": 448851.9523147583}}, "19": {"token_load_list": [224235.0, -1, -1, -1, -1, -1, -1, 234659.0], "batch_load_list": [537.0, -1, -1, -1, -1, -1, -1, 502.0], "decision": 2, "details": {"est_rate": 1.5248655504918098, "now_load": 1.43404375, "est_token": 487956.97615737916}}, "20": {"token_load_list": [230623.0, -1, -1, -1, -1, -1, -1, 235333.0], "batch_load_list": [553.0, -1, -1, -1, -1, -1, -1, 520.0], "decision": 2, "details": {"est_rate": 1.512557775245905, "now_load": 1.4561125, "est_token": 484018.48807868955}}, "21": {"token_load_list": [236659.0, -1, -1, -1, -1, -1, -1, 239463.0], "batch_load_list": [599.0, -1, -1, -1, -1, -1, -1, 519.0], "decision": 2, "details": {"est_rate": 1.5319882626229524, "now_load": 1.48788125, "est_token": 490236.2440393448}}, "22": {"token_load_list": [258383.0, -1, -1, -1, -1, -1, -1, 260408.0], "batch_load_list": [582.0, -1, -1, -1, -1, -1, -1, 562.0], "decision": 3, "details": {"est_rate": 1.7099456938114763, "now_load": 1.621221875, "est_token": 547182.6220196724}}, "23": {"token_load_list": [241997.0, 16923.0, -1, -1, -1, -1, -1, 243468.0], "batch_load_list": [551.0, 41.0, -1, -1, -1, -1, -1, 507.0], "decision": 3, "details": {"est_rate": 1.6117614406557381, "now_load": 1.5699625, "est_token": 515763.6610098362}}, "24": {"token_load_list": [236581.0, 42100.0, -1, -1, -1, -1, -1, 226585.0], "batch_load_list": [524.0, 89.0, -1, -1, -1, -1, -1, 472.0], "decision": 3, "details": {"est_rate": 1.6043525953278692, "now_load": 1.57895625, "est_token": 513392.8305049181}}, "25": {"token_load_list": [222854.0, 68696.0, -1, -1, -1, -1, -1, 210094.0], "batch_load_list": [485.0, 164.0, -1, -1, -1, -1, -1, 435.0], "decision": 2, "details": {"est_rate": 1.5797697351639344, "now_load": 1.5676375, "est_token": 505526.315252459}}, "26": {"token_load_list": [-1, 90179.0, -1, -1, -1, -1, -1, 192468.0], "batch_load_list": [-1, 237.0, -1, -1, -1, -1, -1, 395.0], "decision": 2, "details": {"est_rate": 0.8551197113319673, "now_load": 0.883271875, "est_token": 273638.30762622954}}, "27": {"token_load_list": [-1, 108673.0, -1, -1, -1, -1, -1, 174799.0], "batch_load_list": [-1, 252.0, -1, -1, -1, -1, -1, 345.0], "decision": 2, "details": {"est_rate": 0.8730629806659835, "now_load": 0.88585, "est_token": 279380.15381311474}}, "28": {"token_load_list": [-1, 105946.0, -1, -1, -1, -1, -1, 161826.0], "batch_load_list": [-1, 236.0, -1, -1, -1, -1, -1, 312.0], "decision": 2, "details": {"est_rate": 0.8279408653329918, "now_load": 0.8367875, "est_token": 264941.07690655737}}, "29": {"token_load_list": [-1, 102376.0, -1, -1, -1, -1, -1, 141124.0], "batch_load_list": [-1, 222.0, -1, -1, -1, -1, -1, 264.0], "decision": 1, "details": {"est_rate": 0.7527216826664959, "now_load": 0.7609375, "est_token": 240870.93845327868}}, "30": {"token_load_list": [-1, -1, -1, -1, -1, -1, -1, 112795.0], "batch_load_list": [-1, -1, -1, -1, -1, -1, -1, 201.0], "decision": 1, "details": {"est_rate": 0.3279538100832479, "now_load": 0.352484375, "est_token": 104945.21922663934}}, "31": {"token_load_list": [-1, -1, -1, -1, -1, -1, -1, 96242.0], "batch_load_list": [-1, -1, -1, -1, -1, -1, -1, 162.0], "decision": 1, "details": {"est_rate": 0.285904561291624, "now_load": 0.30075625, "est_token": 91489.45961331968}}, "32": {"token_load_list": [-1, -1, -1, -1, -1, -1, -1, 77927.0], "batch_load_list": [-1, -1, -1, -1, -1, -1, -1, 125.0], "decision": 1, "details": {"est_rate": 0.23323431189581198, "now_load": 0.243521875, "est_token": 74634.97980665983}},