{"prefill": {"0": {"token_load_list": [0.0, 0.0, 0.0, 0.0, 0.0, 0.0, 0.0, 0.0], "batch_load_list": [0.0, 0.0, 0.0, 0.0, 0.0, 0.0, 0.0, 0.0], "decision": 1, "details": {"est_rate": 7.100591715976332e-06, "now_load": 0.0, "est_req": 1, "est_token": 120000, "total_req": 0.0}}, "1": {"token_load_list": [0.0, 0.0, 0.0, 0.0, 0.0, 0.0, 0.0, 0.0], "batch_load_list": [0.0, 0.0, 0.0, 0.0, 0.0, 0.0, 0.0, 0.0], "decision": 1, "details": {"est_rate": 7.100591715976332e-06, "now_load": 0.0, "est_req": 1, "est_token": 120000, "total_req": 0.0}}, "2": {"token_load_list": [0.0, 0.0, 0.0, 0.0, 0.0, 0.0, 0.0, 603729.0], "batch_load_list": [0.0, 0.0, 0.0, 0.0, 0.0, 0.0, 0.0, 1.0], "decision": 1, "details": {"est_rate": 1.4201183431952663e-05, "now_load": 3.572360946745562e-05, "est_req": 2.0, "est_token": 240000.0, "total_req": 1.0}}, "3": {"token_load_list": [0.0, 0.0, 0.0, 0.0, 0.0, 0.0, 0.0, 208830.0], "batch_load_list": [0.0, 0.0, 0.0, 0.0, 0.0, 0.0, 0.0, 4.0], "decision": 1, "details": {"est_rate": 5.687573964497043e-05, "now_load": 1.235680473372781e-05, "est_req": 8.010000000000002, "est_token": 961200.0000000002, "total_req": 4.0}}, "4": {"token_load_list": [0.0, 0.0, 0.0, 0.0, 0.0, 0.0, 0.0, 16139884.0], "batch_load_list": [0.0, 0.0, 0.0, 0.0, 0.0, 0.0, 0.0, 110.0], "decision": 1, "details": {"est_rate": 0.0015624149112426035, "now_load": 0.0009550227218934911, "est_req": 220.0401, "est_token": 26404812.0, "total_req": 110.0}}, "5": {"token_load_list": [0.0, 0.0, 0.0, 0.0, 0.0, 0.0, 0.0, 12044496.0], "batch_load_list": [0.0, 0.0, 0.0, 0.0, 0.0, 0.0, 0.0, 140.0], "decision": 1, "details": {"est_rate": 0.001995979178698225, "now_load": 0.0007126920710059172, "est_req": 281.10040100000003, "est_token": 33732048.120000005, "total_req": 140.0}}, "6": {"token_load_list": [0.0, 0.0, 0.0, 0.0, 0.0, 0.0, 0.0, 15248043.0], "batch_load_list": [0.0, 0.0, 0.0, 0.0, 0.0, 0.0, 0.0, 110.0], "decision": 1, "details": {"est_rate": 0.0015721491408994081, "now_load": 0.0009022510650887574, "est_req": 221.41100401, "est_token": 26569320.4812, "total_req": 110.0}}, "7": {"token_load_list": [0.0, 0.0, 0.0, 0.0, 0.0, 0.0, 0.0, 13781335.0], "batch_load_list": [0.0, 0.0, 0.0, 0.0, 0.0, 0.0, 0.0, 110.0], "decision": 1, "details": {"est_rate": 0.001570041018036213, "now_load": 0.0008154636094674557, "est_req": 221.1141100401, "est_token": 26533693.204812, "total_req": 110.0}}, "8": {"token_load_list": [0.0, 0.0, 0.0, 0.0, 0.0, 0.0, 0.0, 7763879.0], "batch_load_list": [0.0, 0.0, 0.0, 0.0, 0.0, 0.0, 0.0, 120.0], "decision": 1, "details": {"est_rate": 0.0017120317711271076, "now_load": 0.000459401124260355, "est_req": 241.111141100401, "est_token": 28933336.93204812, "total_req": 120.0}}, "9": {"token_load_list": [0.0, 0.0, 0.0, 0.0, 0.0, 0.0, 0.0, 15846628.0], "batch_load_list": [0.0, 0.0, 0.0, 0.0, 0.0, 0.0, 0.0, 80.0], "decision": 1, "details": {"est_rate": 0.0011446942822083126, "now_load": 0.0009376702958579882, "est_req": 161.21111141100403, "est_token": 19345333.369320482, "total_req": 80.0}}, "10": {"token_load_list": [0.0, 0.0, 0.0, 0.0, 0.0, 0.0, 0.0, 12096672.0], "batch_load_list": [0.0, 0.0, 0.0, 0.0, 0.0, 0.0, 0.0, 50.0], "decision": 1, "details": {"est_rate": 0.0007158256410469352, "now_load": 0.0007157794082840237, "est_req": 100.81211111411004, "est_token": 12097453.333693204, "total_req": 50.0}}, "11": {"token_load_list": [0.0, 0.0, 0.0, 0.0, 0.0, 0.0, 0.0, 5391367.0], "batch_load_list": [0.0, 0.0, 0.0, 0.0, 0.0, 0.0, 0.0, 30.0], "decision": 1, "details": {"est_rate": 0.00042964346351106114, "now_load": 0.00031901579881656804, "est_req": 60.50812111114111, "est_token": 7260974.533336933, "total_req": 30.0}}, "12": {"token_load_list": [0.0, 0.0, 0.0, 0.0, 0.0, 0.0, 0.0, 12172940.0], "batch_load_list": [0.0, 0.0, 0.0, 0.0, 0.0, 0.0, 0.0, 60.0], "decision": 1, "details": {"est_rate": 0.0008542372630374775, "now_load": 0.0007202923076923077, "est_req": 120.30508121111141, "est_token": 14436609.74533337, "total_req": 60.0}}, "13": {"token_load_list": [0.0, 0.0, 0.0, 0.0, 0.0, 0.0, 0.0, 6552665.0], "batch_load_list": [0.0, 0.0, 0.0, 0.0, 0.0, 0.0, 0.0, 50.0], "decision": 1, "details": {"est_rate": 0.0007143411891984222, "now_load": 0.00038773165680473375, "est_req": 100.60305081211112, "est_token": 12072366.097453335, "total_req": 50.0}}, "14": {"token_load_list": [0.0, 0.0, 0.0, 0.0, 0.0, 0.0, 0.0, 7428599.0], "batch_load_list": [0.0, 0.0, 0.0, 0.0, 0.0, 0.0, 0.0, 60.0], "decision": 1, "details": {"est_rate": 0.0008556641219511559, "now_load": 0.00043956207100591713, "est_req": 120.50603050812111, "est_token": 14460723.660974534, "total_req": 60.0}}, "15": {"token_load_list": [0.0, 0.0, 0.0, 0.0, 0.0, 0.0, 0.0, 4104258.0], "batch_load_list": [0.0, 0.0, 0.0, 0.0, 0.0, 0.0, 0.0, 60.0], "decision": 1, "details": {"est_rate": 0.0008563672921070856, "now_load": 0.0002428555029585799, "est_req": 120.60506030508122, "est_token": 14472607.236609748, "total_req": 60.0}}, "16": {"token_load_list": [0.0, 0.0, 0.0, 0.0, 0.0, 0.0, 0.0, 9594026.0], "batch_load_list": [0.0, 0.0, 0.0, 0.0, 0.0, 0.0, 0.0, 50.0], "decision": 1, "details": {"est_rate": 0.0007143624894891183, "now_load": 0.0005676938461538462, "est_req": 100.60605060305082, "est_token": 12072726.072366098, "total_req": 50.0}}, "17": {"token_load_list": [0.0, 0.0, 0.0, 0.0, 0.0, 0.0, 0.0, 4035540.0], "batch_load_list": [0.0, 0.0, 0.0, 0.0, 0.0, 0.0, 0.0, 60.0], "decision": 1, "details": {"est_rate": 0.0008556643349540629, "now_load": 0.00023878934911242603, "est_req": 120.50606050603051, "est_token": 14460727.260723662, "total_req": 60.0}}, "18": {"token_load_list": [0.0, 0.0, 0.0, 0.0, 0.0, 0.0, 0.0, 5591089.0], "batch_load_list": [0.0, 0.0, 0.0, 0.0, 0.0, 0.0, 0.0, 60.0], "decision": 1, "details": {"est_rate": 0.0008563672942371146, "now_load": 0.00033083366863905325, "est_req": 120.60506060506032, "est_token": 14472607.272607237, "total_req": 60.0}}, "19": {"token_load_list": [0.0, 0.0, 0.0, 0.0, 0.0, 0.0, 0.0, 8460431.0], "batch_load_list": [0.0, 0.0, 0.0, 0.0, 0.0, 0.0, 0.0, 70.0], "decision": 1, "details": {"est_rate": 0.0009983861581494716, "now_load": 0.0005006172189349113, "est_req": 140.6060506060506, "est_token": 16872726.07272607, "total_req": 70.0}}, "20": {"token_load_list": [0.0, 0.0, 0.0, 0.0, 0.0, 0.0, 0.0, 8631958.0], "batch_load_list": [0.0, 0.0, 0.0, 0.0, 0.0, 0.0, 0.0, 90.0], "decision": 1, "details": {"est_rate": 0.001283119956256051, "now_load": 0.0005107667455621302, "est_req": 180.7060605060605, "est_token": 21684727.26072726, "total_req": 90.0}}, "21": {"token_load_list": [0.0, 0.0, 0.0, 0.0, 0.0, 0.0, 0.0, 11477909.0], "batch_load_list": [0.0, 0.0, 0.0, 0.0, 0.0, 0.0, 0.0, 80.0], "decision": 1, "details": {"est_rate": 0.001142535341574395, "now_load": 0.0006791662130177515, "est_req": 160.90706060506062, "est_token": 19308847.272607274, "total_req": 80.0}}, "22": {"token_load_list": [0.0, 0.0, 0.0, 0.0, 0.0, 0.0, 0.0, 10388455.0], "batch_load_list": [0.0, 0.0, 0.0, 0.0, 0.0, 0.0, 0.0, 70.0], "decision": 1, "details": {"est_rate": 0.0009998277202796495, "now_load": 0.0006147014792899408, "est_req": 140.80907060605062, "est_token": 16897088.472726077, "total_req": 70.0}}, "23": {"token_load_list": [0.0, 0.0, 0.0, 0.0, 0.0, 0.0, 0.0, 5605576.0], "batch_load_list": [0.0, 0.0, 0.0, 0.0, 0.0, 0.0, 0.0, 80.0], "decision": 1, "details": {"est_rate": 0.0011411225375578262, "now_load": 0.0003316908875739645, "est_req": 160.70809070606052, "est_token": 19284970.884727262, "total_req": 80.0}}, "24": {"token_load_list": [0.0, 0.0, 0.0, 0.0, 0.0, 0.0, 0.0, 5280309.0], "batch_load_list": [0.0, 0.0, 0.0, 0.0, 0.0, 0.0, 0.0, 80.0], "decision": 1, "details": {"est_rate": 0.0011418254265590103, "now_load": 0.0003124443195266272, "est_req": 160.8070809070606, "est_token": 19296849.708847273, "total_req": 80.0}}, "25": {"token_load_list": [0.0, 0.0, 0.0, 0.0, 0.0, 0.0, 0.0, 16198450.0], "batch_load_list": [0.0, 0.0, 0.0, 0.0, 0.0, 0.0, 0.0, 70.0], "decision": 1, "details": {"est_rate": 0.0009998206211294955,